PDB_ID,Chain,Residue_Position,WT_Amino_Acid,Mutant_Amino_Acid,Distance_to_CDR_center,MadraX_ddG
1ao7,A,5,MET,ALA,33.365,6.5144
1ao7,A,5,MET,ARG,33.365,17.0984
1ao7,A,5,MET,ASN,33.365,8.7793
1ao7,A,5,MET,ASP,33.365,9.3945
1ao7,A,5,MET,CYS,33.365,4.9399
1ao7,A,5,MET,GLN,33.365,6.9551
1ao7,A,5,MET,GLU,33.365,9.2708
1ao7,A,5,MET,GLY,33.365,9.239
1ao7,A,5,MET,HIS,33.365,6.9915
1ao7,A,5,MET,ILE,33.365,-1.135
1ao7,A,5,MET,LEU,33.365,-1.6167
1ao7,A,5,MET,LYS,33.365,0.7942
1ao7,A,5,MET,PHE,33.365,-1.0713
1ao7,A,5,MET,PRO,33.365,6.1646
1ao7,A,5,MET,SER,33.365,8.7932
1ao7,A,5,MET,THR,33.365,6.2998
1ao7,A,5,MET,TRP,33.365,3.449
1ao7,A,5,MET,TYR,33.365,2.2627
1ao7,A,5,MET,VAL,33.365,3.7598
1ao7,A,7,TYR,ALA,31.783,6.2463
1ao7,A,7,TYR,ARG,31.783,12.6042
1ao7,A,7,TYR,ASN,31.783,8.6926
1ao7,A,7,TYR,ASP,31.783,9.0032
1ao7,A,7,TYR,CYS,31.783,4.7246
1ao7,A,7,TYR,GLN,31.783,6.7153
1ao7,A,7,TYR,GLU,31.783,7.3789
1ao7,A,7,TYR,GLY,31.783,9.186
1ao7,A,7,TYR,HIS,31.783,5.772
1ao7,A,7,TYR,ILE,31.783,-0.6875
1ao7,A,7,TYR,LEU,31.783,-0.4949
1ao7,A,7,TYR,LYS,31.783,9.6199
1ao7,A,7,TYR,MET,31.783,1.7627
1ao7,A,7,TYR,PHE,31.783,-1.1611
1ao7,A,7,TYR,PRO,31.783,7.2192
1ao7,A,7,TYR,SER,31.783,8.4324
1ao7,A,7,TYR,THR,31.783,5.927
1ao7,A,7,TYR,TRP,31.783,-0.7014
1ao7,A,7,TYR,VAL,31.783,4.0364
1ao7,A,54,GLN,ALA,34.523,0.605
1ao7,A,54,GLN,ARG,34.523,0.0208
1ao7,A,54,GLN,ASN,34.523,2.2922
1ao7,A,54,GLN,ASP,34.523,3.2263
1ao7,A,54,GLN,CYS,34.523,-0.4907
1ao7,A,54,GLN,GLU,34.523,1.2197
1ao7,A,54,GLN,GLY,34.523,2.9399
1ao7,A,54,GLN,HIS,34.523,1.1223
1ao7,A,54,GLN,ILE,34.523,-3.7468
1ao7,A,54,GLN,LEU,34.523,-4.7244
1ao7,A,54,GLN,LYS,34.523,0.9756
1ao7,A,54,GLN,MET,34.523,-3.241
1ao7,A,54,GLN,PHE,34.523,-4.8296
1ao7,A,54,GLN,PRO,34.523,-1.071
1ao7,A,54,GLN,SER,34.523,3.5837
1ao7,A,54,GLN,THR,34.523,0.9993
1ao7,A,54,GLN,TRP,34.523,-4.7217
1ao7,A,54,GLN,TYR,34.523,-4.5029
1ao7,A,54,GLN,VAL,34.523,-0.7866
1ao7,A,55,GLU,ALA,29.748,3.0825
1ao7,A,55,GLU,ARG,29.748,21.3743
1ao7,A,55,GLU,ASN,29.748,6.8945
1ao7,A,55,GLU,ASP,29.748,5.594
1ao7,A,55,GLU,CYS,29.748,1.2134
1ao7,A,55,GLU,GLN,29.748,3.4639
1ao7,A,55,GLU,GLY,29.748,5.0537
1ao7,A,55,GLU,HIS,29.748,6.2021
1ao7,A,55,GLU,ILE,29.748,0.1243
1ao7,A,55,GLU,LEU,29.748,-0.8047
1ao7,A,55,GLU,LYS,29.748,12.2795
1ao7,A,55,GLU,MET,29.748,2.6936
1ao7,A,55,GLU,PHE,29.748,-0.354
1ao7,A,55,GLU,PRO,29.748,2.3533
1ao7,A,55,GLU,SER,29.748,8.054
1ao7,A,55,GLU,THR,29.748,6.1936
1ao7,A,55,GLU,TRP,29.748,4.5764
1ao7,A,55,GLU,TYR,29.748,0.9443
1ao7,A,5,MET,ALA,33.365,6.5144
1ao7,A,5,MET,ARG,33.365,17.0984
1ao7,A,5,MET,ASN,33.365,8.7793
1ao7,A,5,MET,ASP,33.365,9.3945
1ao7,A,5,MET,CYS,33.365,4.9399
1ao7,A,5,MET,GLN,33.365,6.9551
1ao7,A,5,MET,GLU,33.365,9.2708
1ao7,A,5,MET,GLY,33.365,9.239
1ao7,A,5,MET,HIS,33.365,6.9915
1ao7,A,5,MET,ILE,33.365,-1.135
1ao7,A,5,MET,LEU,33.365,-1.6167
1ao7,A,5,MET,LYS,33.365,0.7942
1ao7,A,5,MET,PHE,33.365,-1.0713
1ao7,A,5,MET,PRO,33.365,6.1646
1ao7,A,5,MET,SER,33.365,8.7932
1ao7,A,5,MET,THR,33.365,6.2998
1ao7,A,5,MET,TRP,33.365,3.449
1ao7,A,5,MET,TYR,33.365,2.2627
1ao7,A,5,MET,VAL,33.365,3.7598
1ao7,A,7,TYR,ALA,31.783,6.2463
1ao7,A,7,TYR,ARG,31.783,12.6042
1ao7,A,7,TYR,ASN,31.783,8.6926
1ao7,A,7,TYR,ASP,31.783,9.0032
1ao7,A,7,TYR,CYS,31.783,4.7246
1ao7,A,7,TYR,GLN,31.783,6.7153
1ao7,A,7,TYR,GLU,31.783,7.3789
1ao7,A,7,TYR,GLY,31.783,9.186
1ao7,A,7,TYR,HIS,31.783,5.772
1ao7,A,7,TYR,ILE,31.783,-0.6875
1ao7,A,7,TYR,LEU,31.783,-0.4949
1ao7,A,7,TYR,LYS,31.783,9.6199
1ao7,A,7,TYR,MET,31.783,1.7627
1ao7,A,7,TYR,PHE,31.783,-1.1611
1ao7,A,7,TYR,PRO,31.783,7.2192
1ao7,A,7,TYR,SER,31.783,8.4324
1ao7,A,7,TYR,THR,31.783,5.927
1ao7,A,7,TYR,TRP,31.783,-0.7014
1ao7,A,7,TYR,VAL,31.783,4.0364
1ao7,A,54,GLN,ALA,34.523,0.605
1ao7,A,54,GLN,ARG,34.523,0.0208
1ao7,A,54,GLN,ASN,34.523,2.2922
1ao7,A,54,GLN,ASP,34.523,3.2263
1ao7,A,54,GLN,CYS,34.523,-0.4907
1ao7,A,54,GLN,GLU,34.523,1.2197
1ao7,A,54,GLN,GLY,34.523,2.9399
1ao7,A,54,GLN,HIS,34.523,1.1223
1ao7,A,54,GLN,ILE,34.523,-3.7468
1ao7,A,54,GLN,LEU,34.523,-4.7244
1ao7,A,54,GLN,LYS,34.523,0.9756
1ao7,A,54,GLN,MET,34.523,-3.241
1ao7,A,54,GLN,PHE,34.523,-4.8296
1ao7,A,54,GLN,PRO,34.523,-1.071
1ao7,A,54,GLN,SER,34.523,3.5837
1ao7,A,54,GLN,THR,34.523,0.9993
1ao7,A,54,GLN,TRP,34.523,-4.7217
1ao7,A,54,GLN,TYR,34.523,-4.5029
1ao7,A,54,GLN,VAL,34.523,-0.7866
1ao7,A,55,GLU,ALA,29.748,3.0825
1ao7,A,55,GLU,ARG,29.748,21.3743
1ao7,A,55,GLU,ASN,29.748,6.8945
1ao7,A,55,GLU,ASP,29.748,5.594
1ao7,A,55,GLU,CYS,29.748,1.2134
1ao7,A,55,GLU,GLN,29.748,3.4639
1ao7,A,55,GLU,GLY,29.748,5.0537
1ao7,A,55,GLU,HIS,29.748,6.2021
1ao7,A,55,GLU,ILE,29.748,0.1243
1ao7,A,55,GLU,LEU,29.748,-0.8047
1ao7,A,55,GLU,LYS,29.748,12.2795
1ao7,A,55,GLU,MET,29.748,2.6936
1ao7,A,55,GLU,PHE,29.748,-0.354
1ao7,A,55,GLU,PRO,29.748,2.3533
1ao7,A,55,GLU,SER,29.748,8.054
1ao7,A,55,GLU,THR,29.748,6.1936
1ao7,A,55,GLU,TRP,29.748,4.5764
1ao7,A,55,GLU,TYR,29.748,0.9443
1ao7,A,55,GLU,VAL,29.748,3.2212
1ao7,A,56,GLY,ALA,28.157,2.0083
1ao7,A,56,GLY,ARG,28.157,-0.2637
1ao7,A,56,GLY,ASN,28.157,1.8389
1ao7,A,56,GLY,ASP,28.157,5.4275
1ao7,A,56,GLY,CYS,28.157,0.447
1ao7,A,56,GLY,GLN,28.157,1.2842
1ao7,A,56,GLY,GLU,28.157,3.1414
1ao7,A,56,GLY,HIS,28.157,2.501
1ao7,A,56,GLY,ILE,28.157,-1.7268
1ao7,A,56,GLY,LEU,28.157,-4.2039
1ao7,A,56,GLY,LYS,28.157,-0.3882
1ao7,A,56,GLY,MET,28.157,-0.1311
1ao7,A,56,GLY,PHE,28.157,-0.3105
1ao7,A,56,GLY,PRO,28.157,0.7617
1ao7,A,56,GLY,SER,28.157,3.4651
1ao7,A,56,GLY,THR,28.157,1.9192
1ao7,A,56,GLY,TRP,28.157,4.3965
1ao7,A,56,GLY,TYR,28.157,-1.8645
1ao7,A,56,GLY,VAL,28.157,2.8315
1ao7,A,58,GLU,ALA,22.167,-2.8062
1ao7,A,58,GLU,ARG,22.167,-0.4604
1ao7,A,58,GLU,ASN,22.167,-1.2686
1ao7,A,58,GLU,ASP,22.167,-1.2612
1ao7,A,58,GLU,CYS,22.167,-4.0525
1ao7,A,58,GLU,GLN,22.167,-2.0515
1ao7,A,58,GLU,GLY,22.167,-1.2559
1ao7,A,58,GLU,HIS,22.167,-0.7261
1ao7,A,58,GLU,ILE,22.167,-4.6768
1ao7,A,58,GLU,LEU,22.167,-6.9888
1ao7,A,58,GLU,LYS,22.167,1.8718
1ao7,A,58,GLU,MET,22.167,-5.2349
1ao7,A,58,GLU,PHE,22.167,-6.7126
1ao7,A,58,GLU,PRO,22.167,-3.5229
1ao7,A,58,GLU,SER,22.167,0.498
1ao7,A,58,GLU,THR,22.167,-2.4624
1ao7,A,58,GLU,TRP,22.167,-7.147
1ao7,A,58,GLU,TYR,22.167,-6.6775
1ao7,A,58,GLU,VAL,22.167,-3.1809
1ao7,A,59,TYR,ALA,26.207,7.53
1ao7,A,59,TYR,ARG,26.207,10.927
1ao7,A,59,TYR,ASN,26.207,9.6943
1ao7,A,59,TYR,ASP,26.207,14.876
1ao7,A,59,TYR,CYS,26.207,4.3425
1ao7,A,59,TYR,GLN,26.207,6.8777
1ao7,A,59,TYR,GLU,26.207,11.7732
1ao7,A,59,TYR,GLY,26.207,9.3384
1ao7,A,59,TYR,HIS,26.207,5.6409
1ao7,A,59,TYR,ILE,26.207,3.5278
1ao7,A,59,TYR,LEU,26.207,2.9507
1ao7,A,59,TYR,LYS,26.207,3.1587
1ao7,A,59,TYR,MET,26.207,4.9778
1ao7,A,59,TYR,PHE,26.207,2.2996
1ao7,A,59,TYR,PRO,26.207,4.9529
1ao7,A,59,TYR,SER,26.207,9.8252
1ao7,A,59,TYR,THR,26.207,7.4133
1ao7,A,59,TYR,TRP,26.207,1.6826
1ao7,A,59,TYR,VAL,26.207,6.0535
1ao7,A,60,TRP,ALA,27.838,5.5725
1ao7,A,60,TRP,ARG,27.838,13.8474
1ao7,A,60,TRP,ASN,27.838,7.8135
1ao7,A,60,TRP,ASP,27.838,6.1816
1ao7,A,60,TRP,CYS,27.838,4.3035
1ao7,A,60,TRP,GLN,27.838,7.1514
1ao7,A,60,TRP,GLU,27.838,6.9282
1ao7,A,60,TRP,GLY,27.838,6.949
1ao7,A,60,TRP,HIS,27.838,7.0271
1ao7,A,60,TRP,ILE,27.838,1.416
1ao7,A,60,TRP,LEU,27.838,0.4824
1ao7,A,60,TRP,LYS,27.838,8.6624
1ao7,A,60,TRP,MET,27.838,3.5125
1ao7,A,60,TRP,PHE,27.838,1.3506
1ao7,A,60,TRP,PRO,27.838,5.8877
1ao7,A,60,TRP,SER,27.838,7.9453
1ao7,A,60,TRP,THR,27.838,5.676
1ao7,A,60,TRP,TYR,27.838,-0.2771
1ao7,A,60,TRP,VAL,27.838,5.1233
1ao7,A,62,GLY,ALA,21.742,-1.7021
1ao7,A,62,GLY,ARG,21.742,12.4692
1ao7,A,62,GLY,ASN,21.742,1.3792
1ao7,A,62,GLY,ASP,21.742,2.0247
1ao7,A,62,GLY,CYS,21.742,-2.1233
1ao7,A,62,GLY,GLN,21.742,0.6707
1ao7,A,62,GLY,GLU,21.742,4.8379
1ao7,A,62,GLY,HIS,21.742,1.8972
1ao7,A,62,GLY,ILE,21.742,-6.2527
1ao7,A,62,GLY,LEU,21.742,-6.325
1ao7,A,62,GLY,LYS,21.742,-3.4866
1ao7,A,62,GLY,MET,21.742,-3.0364
1ao7,A,62,GLY,PHE,21.742,-6.8093
1ao7,A,62,GLY,PRO,21.742,-0.9521
1ao7,A,62,GLY,SER,21.742,-0.2749
1ao7,A,62,GLY,THR,21.742,-1.4612
1ao7,A,62,GLY,TRP,21.742,-1.0342
1ao7,A,62,GLY,TYR,21.742,-9.8098
1ao7,A,62,GLY,VAL,21.742,-2.4338
1ao7,A,63,GLU,ALA,26.187,6.2378
1ao7,A,63,GLU,ARG,26.187,24.2927
1ao7,A,63,GLU,ASN,26.187,9.9751
1ao7,A,63,GLU,ASP,26.187,9.47
1ao7,A,63,GLU,CYS,26.187,5.3774
1ao7,A,63,GLU,GLN,26.187,5.2114
1ao7,A,63,GLU,GLY,26.187,8.7043
1ao7,A,63,GLU,HIS,26.187,9.6558
1ao7,A,63,GLU,ILE,26.187,-1.2214
1ao7,A,63,GLU,LEU,26.187,0.9346
1ao7,A,63,GLU,LYS,26.187,6.4492
1ao7,A,63,GLU,MET,26.187,4.0574
1ao7,A,63,GLU,PHE,26.187,4.6489
1ao7,A,63,GLU,PRO,26.187,7.6658
1ao7,A,63,GLU,SER,26.187,8.543
1ao7,A,63,GLU,THR,26.187,5.4456
1ao7,A,63,GLU,TRP,26.187,7.4001
1ao7,A,63,GLU,TYR,26.187,0.7786
1ao7,A,63,GLU,VAL,26.187,4.2815
1ao7,A,65,ARG,ALA,21.188,3.9824
1ao7,A,65,ARG,ASN,21.188,5.8835
1ao7,A,65,ARG,ASP,21.188,10.5967
1ao7,A,65,ARG,CYS,21.188,2.5886
1ao7,A,65,ARG,GLN,21.188,3.8489
1ao7,A,65,ARG,GLU,21.188,8.7773
1ao7,A,65,ARG,GLY,21.188,6.1199
1ao7,A,65,ARG,HIS,21.188,5.6689
1ao7,A,65,ARG,ILE,21.188,-1.0762
1ao7,A,65,ARG,LEU,21.188,-0.9375
1ao7,A,65,ARG,LYS,21.188,3.7
1ao7,A,65,ARG,MET,21.188,1.2881
1ao7,A,65,ARG,PHE,21.188,1.3528
1ao7,A,65,ARG,PRO,21.188,4.8757
1ao7,A,65,ARG,SER,21.188,6.2173
1ao7,A,65,ARG,THR,21.188,2.9248
1ao7,A,65,ARG,TRP,21.188,1.502
1ao7,A,65,ARG,TYR,21.188,6.5398
1ao7,A,65,ARG,VAL,21.188,2.063
1ao7,A,66,LYS,ALA,22.842,7.0815
1ao7,A,66,LYS,ARG,22.842,6.075
1ao7,A,66,LYS,ASN,22.842,10.6909
1ao7,A,66,LYS,ASP,22.842,15.9624
1ao7,A,66,LYS,CYS,22.842,6.1064
1ao7,A,66,LYS,GLN,22.842,8.1023
1ao7,A,66,LYS,GLU,22.842,14.1587
1ao7,A,66,LYS,GLY,22.842,8.9387
1ao7,A,66,LYS,HIS,22.842,5.9294
1ao7,A,66,LYS,ILE,22.842,0.1294
1ao7,A,66,LYS,LEU,22.842,1.9165
1ao7,A,66,LYS,MET,22.842,2.1274
1ao7,A,66,LYS,PHE,22.842,6.915
1ao7,A,66,LYS,PRO,22.842,8.4631
1ao7,A,66,LYS,SER,22.842,8.9399
1ao7,A,66,LYS,THR,22.842,7.0522
1ao7,A,66,LYS,TRP,22.842,12.1089
1ao7,A,66,LYS,TYR,22.842,7.3926
1ao7,A,66,LYS,VAL,22.842,4.6162
1ao7,A,69,ALA,ARG,22.439,8.741
1ao7,A,69,ALA,ASN,22.439,3.936
1ao7,A,69,ALA,ASP,22.439,4.0891
1ao7,A,69,ALA,CYS,22.439,-2.9011
1ao7,A,69,ALA,GLN,22.439,4.1548
1ao7,A,69,ALA,GLU,22.439,6.4944
1ao7,A,69,ALA,GLY,22.439,2.4822
1ao7,A,69,ALA,HIS,22.439,3.7617
1ao7,A,69,ALA,ILE,22.439,-6.6865
1ao7,A,69,ALA,LEU,22.439,-6.8228
1ao7,A,69,ALA,LYS,22.439,1.2439
1ao7,A,69,ALA,MET,22.439,-2.7207
1ao7,A,69,ALA,PHE,22.439,-5.2793
1ao7,A,69,ALA,PRO,22.439,-2.2529
1ao7,A,69,ALA,SER,22.439,1.7446
1ao7,A,69,ALA,THR,22.439,-1.5264
1ao7,A,69,ALA,TRP,22.439,0.2754
1ao7,A,69,ALA,TYR,22.439,-3.6768
1ao7,A,69,ALA,VAL,22.439,-2.0261
1ao7,A,70,HIS,ALA,27.285,0.1409
1ao7,A,70,HIS,ARG,27.285,4.0771
1ao7,A,70,HIS,ASN,27.285,2.7234
1ao7,A,70,HIS,ASP,27.285,2.1501
1ao7,A,70,HIS,CYS,27.285,-2.0757
1ao7,A,70,HIS,GLN,27.285,0.7905
1ao7,A,70,HIS,GLU,27.285,0.7869
1ao7,A,70,HIS,GLY,27.285,2.5415
1ao7,A,70,HIS,ILE,27.285,-7.1787
1ao7,A,70,HIS,LEU,27.285,-6.8545
1ao7,A,70,HIS,LYS,27.285,-3.47
1ao7,A,70,HIS,MET,27.285,-5.9055
1ao7,A,70,HIS,PHE,27.285,-6.8093
1ao7,A,70,HIS,PRO,27.285,0.6672
1ao7,A,70,HIS,SER,27.285,2.0615
1ao7,A,70,HIS,THR,27.285,-1.4248
1ao7,A,70,HIS,TRP,27.285,-7.855
1ao7,A,70,HIS,TYR,27.285,-5.4429
1ao7,A,70,HIS,VAL,27.285,-2.6428
1ao7,A,72,GLN,ALA,25.833,1.416
1ao7,A,72,GLN,ARG,25.833,1.1484
1ao7,A,72,GLN,ASN,25.833,2.7654
1ao7,A,72,GLN,ASP,25.833,2.2185
1ao7,A,72,GLN,CYS,25.833,-0.0142
1ao7,A,72,GLN,GLU,25.833,-0.926
1ao7,A,72,GLN,GLY,25.833,3.9316
1ao7,A,72,GLN,HIS,25.833,3.7544
1ao7,A,72,GLN,ILE,25.833,-4.4883
1ao7,A,72,GLN,LEU,25.833,-4.488
1ao7,A,72,GLN,LYS,25.833,0.531
1ao7,A,72,GLN,MET,25.833,-1.4832
1ao7,A,72,GLN,PHE,25.833,-4.5242
1ao7,A,72,GLN,PRO,25.833,1.5588
1ao7,A,72,GLN,SER,25.833,3.1641
1ao7,A,72,GLN,THR,25.833,1.2546
1ao7,A,72,GLN,TRP,25.833,-0.2202
1ao7,A,72,GLN,TYR,25.833,-4.3816
1ao7,A,72,GLN,VAL,25.833,-0.2891
1ao7,A,73,THR,ALA,26.3,2.7056
1ao7,A,73,THR,ARG,26.3,16.3865
1ao7,A,73,THR,ASN,26.3,3.6797
1ao7,A,73,THR,ASP,26.3,12.9807
1ao7,A,73,THR,CYS,26.3,1.3281
1ao7,A,73,THR,GLN,26.3,8.1965
1ao7,A,73,THR,GLU,26.3,16.8103
1ao7,A,73,THR,GLY,26.3,4.884
1ao7,A,73,THR,HIS,26.3,8.6936
1ao7,A,73,THR,ILE,26.3,-2.3169
1ao7,A,73,THR,LEU,26.3,-1.5259
1ao7,A,73,THR,LYS,26.3,14.7549
1ao7,A,73,THR,MET,26.3,5.1069
1ao7,A,73,THR,PHE,26.3,3.4739
1ao7,A,73,THR,PRO,26.3,5.3005
1ao7,A,5,MET,ALA,33.365,6.5144
1ao7,A,5,MET,ARG,33.365,17.0984
1ao7,A,5,MET,ASN,33.365,8.7793
1ao7,A,5,MET,ASP,33.365,9.3945
1ao7,A,5,MET,CYS,33.365,4.9399
1ao7,A,5,MET,GLN,33.365,6.9551
1ao7,A,5,MET,GLU,33.365,9.2708
1ao7,A,5,MET,GLY,33.365,9.239
1ao7,A,5,MET,HIS,33.365,6.9915
1ao7,A,5,MET,ILE,33.365,-1.135
1ao7,A,5,MET,LEU,33.365,-1.6167
1ao7,A,5,MET,LYS,33.365,0.7942
1ao7,A,5,MET,PHE,33.365,-1.0713
1ao7,A,5,MET,PRO,33.365,6.1646
1ao7,A,5,MET,SER,33.365,8.7932
1ao7,A,5,MET,THR,33.365,6.2998
1ao7,A,5,MET,TRP,33.365,3.449
1ao7,A,5,MET,TYR,33.365,2.2627
1ao7,A,5,MET,VAL,33.365,3.7598
1ao7,A,7,TYR,ALA,31.783,6.2463
1ao7,A,7,TYR,ARG,31.783,12.6042
1ao7,A,7,TYR,ASN,31.783,8.6926
1ao7,A,7,TYR,ASP,31.783,9.0032
1ao7,A,7,TYR,CYS,31.783,4.7246
1ao7,A,7,TYR,GLN,31.783,6.7153
1ao7,A,7,TYR,GLU,31.783,7.3789
1ao7,A,7,TYR,GLY,31.783,9.186
1ao7,A,7,TYR,HIS,31.783,5.772
1ao7,A,7,TYR,ILE,31.783,-0.6875
1ao7,A,7,TYR,LEU,31.783,-0.4949
1ao7,A,7,TYR,LYS,31.783,9.6199
1ao7,A,7,TYR,MET,31.783,1.7627
1ao7,A,7,TYR,PHE,31.783,-1.1611
1ao7,A,7,TYR,PRO,31.783,7.2192
1ao7,A,7,TYR,SER,31.783,8.4324
1ao7,A,7,TYR,THR,31.783,5.927
1ao7,A,7,TYR,TRP,31.783,-0.7014
1ao7,A,7,TYR,VAL,31.783,4.0364
1ao7,A,54,GLN,ALA,34.523,0.605
1ao7,A,54,GLN,ARG,34.523,0.0208
1ao7,A,54,GLN,ASN,34.523,2.2922
1ao7,A,54,GLN,ASP,34.523,3.2263
1ao7,A,54,GLN,CYS,34.523,-0.4907
1ao7,A,54,GLN,GLU,34.523,1.2197
1ao7,A,54,GLN,GLY,34.523,2.9399
1ao7,A,54,GLN,HIS,34.523,1.1223
1ao7,A,54,GLN,ILE,34.523,-3.7468
1ao7,A,54,GLN,LEU,34.523,-4.7244
1ao7,A,54,GLN,LYS,34.523,0.9756
1ao7,A,54,GLN,MET,34.523,-3.241
1ao7,A,54,GLN,PHE,34.523,-4.8296
1ao7,A,54,GLN,PRO,34.523,-1.071
1ao7,A,54,GLN,SER,34.523,3.5837
1ao7,A,54,GLN,THR,34.523,0.9993
1ao7,A,54,GLN,TRP,34.523,-4.7217
1ao7,A,54,GLN,TYR,34.523,-4.5029
1ao7,A,54,GLN,VAL,34.523,-0.7866
1ao7,A,55,GLU,ALA,29.748,3.0825
1ao7,A,55,GLU,ARG,29.748,21.3743
1ao7,A,55,GLU,ASN,29.748,6.8945
1ao7,A,55,GLU,ASP,29.748,5.594
1ao7,A,55,GLU,CYS,29.748,1.2134
1ao7,A,55,GLU,GLN,29.748,3.4639
1ao7,A,55,GLU,GLY,29.748,5.0537
1ao7,A,55,GLU,HIS,29.748,6.2021
1ao7,A,55,GLU,ILE,29.748,0.1243
1ao7,A,55,GLU,LEU,29.748,-0.8047
1ao7,A,55,GLU,LYS,29.748,12.2795
1ao7,A,55,GLU,MET,29.748,2.6936
1ao7,A,55,GLU,PHE,29.748,-0.354
1ao7,A,55,GLU,PRO,29.748,2.3533
1ao7,A,55,GLU,SER,29.748,8.054
1ao7,A,55,GLU,THR,29.748,6.1936
1ao7,A,55,GLU,TRP,29.748,4.5764
1ao7,A,55,GLU,TYR,29.748,0.9443
1ao7,A,5,MET,ALA,33.365,6.5144
1ao7,A,5,MET,ARG,33.365,17.0984
1ao7,A,5,MET,ASN,33.365,8.7793
1ao7,A,5,MET,ASP,33.365,9.3945
1ao7,A,5,MET,CYS,33.365,4.9399
1ao7,A,5,MET,GLN,33.365,6.9551
1ao7,A,5,MET,GLU,33.365,9.2708
1ao7,A,5,MET,GLY,33.365,9.239
1ao7,A,5,MET,HIS,33.365,6.9915
1ao7,A,5,MET,ILE,33.365,-1.135
1ao7,A,5,MET,LEU,33.365,-1.6167
1ao7,A,5,MET,LYS,33.365,0.7942
1ao7,A,5,MET,PHE,33.365,-1.0713
1ao7,A,5,MET,PRO,33.365,6.1646
1ao7,A,5,MET,SER,33.365,8.7932
1ao7,A,5,MET,THR,33.365,6.2998
1ao7,A,5,MET,TRP,33.365,3.449
1ao7,A,5,MET,TYR,33.365,2.2627
1ao7,A,5,MET,VAL,33.365,3.7598
1ao7,A,7,TYR,ALA,31.783,6.2463
1ao7,A,7,TYR,ARG,31.783,12.6042
1ao7,A,7,TYR,ASN,31.783,8.6926
1ao7,A,7,TYR,ASP,31.783,9.0032
1ao7,A,7,TYR,CYS,31.783,4.7246
1ao7,A,7,TYR,GLN,31.783,6.7153
1ao7,A,7,TYR,GLU,31.783,7.3789
1ao7,A,7,TYR,GLY,31.783,9.186
1ao7,A,7,TYR,HIS,31.783,5.772
1ao7,A,7,TYR,ILE,31.783,-0.6875
1ao7,A,7,TYR,LEU,31.783,-0.4949
1ao7,A,7,TYR,LYS,31.783,9.6199
1ao7,A,7,TYR,MET,31.783,1.7627
1ao7,A,7,TYR,PHE,31.783,-1.1611
1ao7,A,7,TYR,PRO,31.783,7.2192
1ao7,A,7,TYR,SER,31.783,8.4324
1ao7,A,7,TYR,THR,31.783,5.927
1ao7,A,7,TYR,TRP,31.783,-0.7014
1ao7,A,7,TYR,VAL,31.783,4.0364
1ao7,A,54,GLN,ALA,34.523,0.605
1ao7,A,54,GLN,ARG,34.523,0.0208
1ao7,A,54,GLN,ASN,34.523,2.2922
1ao7,A,54,GLN,ASP,34.523,3.2263
1ao7,A,54,GLN,CYS,34.523,-0.4907
1ao7,A,54,GLN,GLU,34.523,1.2197
1ao7,A,54,GLN,GLY,34.523,2.9399
1ao7,A,54,GLN,HIS,34.523,1.1223
1ao7,A,54,GLN,ILE,34.523,-3.7468
1ao7,A,54,GLN,LEU,34.523,-4.7244
1ao7,A,54,GLN,LYS,34.523,0.9756
1ao7,A,54,GLN,MET,34.523,-3.241
1ao7,A,54,GLN,PHE,34.523,-4.8296
1ao7,A,54,GLN,PRO,34.523,-1.071
1ao7,A,54,GLN,SER,34.523,3.5837
1ao7,A,54,GLN,THR,34.523,0.9993
1ao7,A,54,GLN,TRP,34.523,-4.7217
1ao7,A,54,GLN,TYR,34.523,-4.5029
1ao7,A,54,GLN,VAL,34.523,-0.7866
1ao7,A,55,GLU,ALA,29.748,3.0825
1ao7,A,55,GLU,ARG,29.748,21.3743
1ao7,A,55,GLU,ASN,29.748,6.8945
1ao7,A,55,GLU,ASP,29.748,5.594
1ao7,A,55,GLU,CYS,29.748,1.2134
1ao7,A,55,GLU,GLN,29.748,3.4639
1ao7,A,55,GLU,GLY,29.748,5.0537
1ao7,A,55,GLU,HIS,29.748,6.2021
1ao7,A,55,GLU,ILE,29.748,0.1243
1ao7,A,55,GLU,LEU,29.748,-0.8047
1ao7,A,55,GLU,LYS,29.748,12.2795
1ao7,A,55,GLU,MET,29.748,2.6936
1ao7,A,55,GLU,PHE,29.748,-0.354
1ao7,A,55,GLU,PRO,29.748,2.3533
1ao7,A,55,GLU,SER,29.748,8.054
1ao7,A,55,GLU,THR,29.748,6.1936
1ao7,A,55,GLU,TRP,29.748,4.5764
1ao7,A,55,GLU,TYR,29.748,0.9443
1ao7,A,55,GLU,VAL,29.748,3.2212
1ao7,A,56,GLY,ALA,28.157,2.0083
1ao7,A,56,GLY,ARG,28.157,-0.2637
1ao7,A,56,GLY,ASN,28.157,1.8389
1ao7,A,56,GLY,ASP,28.157,5.4275
1ao7,A,56,GLY,CYS,28.157,0.447
1ao7,A,56,GLY,GLN,28.157,1.2842
1ao7,A,56,GLY,GLU,28.157,3.1414
1ao7,A,56,GLY,HIS,28.157,2.501
1ao7,A,56,GLY,ILE,28.157,-1.7268
1ao7,A,56,GLY,LEU,28.157,-4.2039
1ao7,A,56,GLY,LYS,28.157,-0.3882
1ao7,A,56,GLY,MET,28.157,-0.1311
1ao7,A,56,GLY,PHE,28.157,-0.3105
1ao7,A,56,GLY,PRO,28.157,0.7617
1ao7,A,56,GLY,SER,28.157,3.4651
1ao7,A,56,GLY,THR,28.157,1.9192
1ao7,A,56,GLY,TRP,28.157,4.3965
1ao7,A,56,GLY,TYR,28.157,-1.8645
1ao7,A,56,GLY,VAL,28.157,2.8315
1ao7,A,58,GLU,ALA,22.167,-2.8059
1ao7,A,58,GLU,ARG,22.167,-0.4604
1ao7,A,58,GLU,ASN,22.167,-1.2683
1ao7,A,58,GLU,ASP,22.167,-1.2612
1ao7,A,58,GLU,CYS,22.167,-4.0522
1ao7,A,58,GLU,GLN,22.167,-2.0513
1ao7,A,58,GLU,GLY,22.167,-1.2559
1ao7,A,58,GLU,HIS,22.167,-0.7258
1ao7,A,58,GLU,ILE,22.167,-4.6765
1ao7,A,58,GLU,LEU,22.167,-6.9885
1ao7,A,58,GLU,LYS,22.167,1.8721
1ao7,A,58,GLU,MET,22.167,-5.2346
1ao7,A,58,GLU,PHE,22.167,-6.7124
1ao7,A,58,GLU,PRO,22.167,-3.5227
1ao7,A,58,GLU,SER,22.167,0.498
1ao7,A,58,GLU,THR,22.167,-2.4624
1ao7,A,58,GLU,TRP,22.167,-7.147
1ao7,A,58,GLU,TYR,22.167,-6.6775
1ao7,A,58,GLU,VAL,22.167,-3.1809
1ao7,A,59,TYR,ALA,26.207,7.53
1ao7,A,59,TYR,ARG,26.207,10.927
1ao7,A,59,TYR,ASN,26.207,9.6943
1ao7,A,59,TYR,ASP,26.207,14.876
1ao7,A,59,TYR,CYS,26.207,4.3425
1ao7,A,59,TYR,GLN,26.207,6.8777
1ao7,A,59,TYR,GLU,26.207,11.7732
1ao7,A,59,TYR,GLY,26.207,9.3384
1ao7,A,59,TYR,HIS,26.207,5.6411
1ao7,A,59,TYR,ILE,26.207,3.5278
1ao7,A,59,TYR,LEU,26.207,2.9509
1ao7,A,59,TYR,LYS,26.207,3.1587
1ao7,A,59,TYR,MET,26.207,4.9778
1ao7,A,59,TYR,PHE,26.207,2.2998
1ao7,A,59,TYR,PRO,26.207,4.9529
1ao7,A,59,TYR,SER,26.207,9.8252
1ao7,A,59,TYR,THR,26.207,7.4133
1ao7,A,59,TYR,TRP,26.207,1.6829
1ao7,A,59,TYR,VAL,26.207,6.0535
1ao7,A,60,TRP,ALA,27.838,5.5725
1ao7,A,60,TRP,ARG,27.838,13.8474
1ao7,A,60,TRP,ASN,27.838,7.8135
1ao7,A,60,TRP,ASP,27.838,6.1816
1ao7,A,60,TRP,CYS,27.838,4.3035
1ao7,A,60,TRP,GLN,27.838,7.1514
1ao7,A,60,TRP,GLU,27.838,6.9282
1ao7,A,60,TRP,GLY,27.838,6.949
1ao7,A,60,TRP,HIS,27.838,7.0271
1ao7,A,60,TRP,ILE,27.838,1.416
1ao7,A,60,TRP,LEU,27.838,0.4824
1ao7,A,60,TRP,LYS,27.838,8.6624
1ao7,A,60,TRP,MET,27.838,3.5125
1ao7,A,60,TRP,PHE,27.838,1.3506
1ao7,A,60,TRP,PRO,27.838,5.8877
1ao7,A,60,TRP,SER,27.838,7.9453
1ao7,A,60,TRP,THR,27.838,5.676
1ao7,A,60,TRP,TYR,27.838,-0.2773
1ao7,A,60,TRP,VAL,27.838,5.1233
1ao7,A,62,GLY,ALA,21.742,-1.7021
1ao7,A,62,GLY,ARG,21.742,12.4692
1ao7,A,62,GLY,ASN,21.742,1.3792
1ao7,A,62,GLY,ASP,21.742,2.0247
1ao7,A,62,GLY,CYS,21.742,-2.1233
1ao7,A,62,GLY,GLN,21.742,0.6707
1ao7,A,62,GLY,GLU,21.742,4.8379
1ao7,A,62,GLY,HIS,21.742,1.8972
1ao7,A,62,GLY,ILE,21.742,-6.2527
1ao7,A,62,GLY,LEU,21.742,-6.325
1ao7,A,62,GLY,LYS,21.742,-3.4866
1ao7,A,62,GLY,MET,21.742,-3.0364
1ao7,A,62,GLY,PHE,21.742,-6.8093
1ao7,A,62,GLY,PRO,21.742,-0.9521
1ao7,A,62,GLY,SER,21.742,-0.2749
1ao7,A,62,GLY,THR,21.742,-1.4612
1ao7,A,62,GLY,TRP,21.742,-1.0342
1ao7,A,62,GLY,TYR,21.742,-9.8098
1ao7,A,62,GLY,VAL,21.742,-2.4338
1ao7,A,63,GLU,ALA,26.187,6.2378
1ao7,A,63,GLU,ARG,26.187,24.2927
1ao7,A,63,GLU,ASN,26.187,9.9751
1ao7,A,63,GLU,ASP,26.187,9.47
1ao7,A,63,GLU,CYS,26.187,5.3774
1ao7,A,63,GLU,GLN,26.187,5.2114
1ao7,A,63,GLU,GLY,26.187,8.7043
1ao7,A,63,GLU,HIS,26.187,9.6558
1ao7,A,63,GLU,ILE,26.187,-1.2214
1ao7,A,63,GLU,LEU,26.187,0.9348
1ao7,A,63,GLU,LYS,26.187,6.4492
1ao7,A,63,GLU,MET,26.187,4.0574
1ao7,A,63,GLU,PHE,26.187,4.6489
1ao7,A,63,GLU,PRO,26.187,7.6658
1ao7,A,63,GLU,SER,26.187,8.543
1ao7,A,63,GLU,THR,26.187,5.4456
1ao7,A,63,GLU,TRP,26.187,7.4001
1ao7,A,63,GLU,TYR,26.187,0.7786
1ao7,A,63,GLU,VAL,26.187,4.2815
1ao7,A,65,ARG,ALA,21.188,3.9824
1ao7,A,65,ARG,ASN,21.188,5.8835
1ao7,A,65,ARG,ASP,21.188,10.5967
1ao7,A,65,ARG,CYS,21.188,2.5886
1ao7,A,65,ARG,GLN,21.188,3.8489
1ao7,A,65,ARG,GLU,21.188,8.7773
1ao7,A,65,ARG,GLY,21.188,6.1199
1ao7,A,65,ARG,HIS,21.188,5.6689
1ao7,A,65,ARG,ILE,21.188,-1.0762
1ao7,A,65,ARG,LEU,21.188,-0.9375
1ao7,A,65,ARG,LYS,21.188,3.7
1ao7,A,65,ARG,MET,21.188,1.2881
1ao7,A,65,ARG,PHE,21.188,1.3528
1ao7,A,65,ARG,PRO,21.188,4.8757
1ao7,A,65,ARG,SER,21.188,6.2173
1ao7,A,65,ARG,THR,21.188,2.9248
1ao7,A,65,ARG,TRP,21.188,1.502
1ao7,A,65,ARG,TYR,21.188,6.5398
1ao7,A,65,ARG,VAL,21.188,2.063
1ao7,A,66,LYS,ALA,22.842,7.0815
1ao7,A,66,LYS,ARG,22.842,6.075
1ao7,A,66,LYS,ASN,22.842,10.6909
1ao7,A,66,LYS,ASP,22.842,15.9624
1ao7,A,66,LYS,CYS,22.842,6.1064
1ao7,A,66,LYS,GLN,22.842,8.1023
1ao7,A,66,LYS,GLU,22.842,14.1587
1ao7,A,66,LYS,GLY,22.842,8.9387
1ao7,A,66,LYS,HIS,22.842,5.9294
1ao7,A,66,LYS,ILE,22.842,0.1294
1ao7,A,66,LYS,LEU,22.842,1.9165
1ao7,A,66,LYS,MET,22.842,2.1274
1ao7,A,66,LYS,PHE,22.842,6.915
1ao7,A,66,LYS,PRO,22.842,8.4631
1ao7,A,66,LYS,SER,22.842,8.9399
1ao7,A,66,LYS,THR,22.842,7.0522
